code,web_name,element_type,team_code,minutes,expected_goals,expected_assists,saves,defensive_contribution
15157,Milner,3,36,772,1.03,0.66,0,80
17761,Tarkowski,2,11,3330,2.53,2.10,0,376
44699,Barnes,4,90,40,0.25,0.04,0,2
50175,Welbeck,4,36,2249,12.36,1.40,0,112
54469,Smith,2,91,1073,0.00,0.23,0,70
56979,Henderson,3,94,1911,0.33,2.31,0,183
57328,Clyne,2,31,592,0.43,0.60,0,50
58621,Walker,2,90,3095,0.15,1.29,0,212
59735,Darlow,1,2,1980,0.00,0.05,63,0
59949,Coleman,2,11,19,0.00,0.17,0,2
60307,Groß,3,36,1636,1.39,3.95,0,145
60689,Wood,4,17,896,4.29,0.32,0,29
61256,Casemiro,3,1,2575,5.44,3.17,0,355
67089,Dúbravka,1,90,3150,0.00,0.04,127,0
72147,M.Bizot,1,7,585,0.00,0.00,19,0
75115,Wilson,4,21,1234,7.60,0.54,0,41
76357,Cairney,3,54,756,1.21,0.81,0,61
77794,Trippier,2,4,1586,0.08,2.06,0,82
78916,Burn,2,4,2195,1.08,0.36,0,225
79602,Bentley,1,39,270,0.00,0.00,7,0
80201,Leno,1,54,3420,0.00,0.02,98,0
80801,Gana,3,11,2094,1.99,1.84,0,218
83299,Dunk,2,36,2837,1.83,0.56,0,231
84182,Areola,1,21,1800,0.00,0.00,77,0
84450,Xhaka,3,56,2901,1.01,3.73,0,362
85633,Sels,1,17,2667,0.00,0.06,95,0
87835,Doherty,2,39,786,0.09,0.19,0,66
88248,Ortega Moreno,1,17,270,0.00,0.01,8,0
88894,Barkley,3,7,844,1.58,1.26,0,74
91651,Kovačić,3,43,125,0.13,0.42,0,18
91889,Füllkrug,4,21,407,0.93,0.21,0,19
95658,Maguire,2,1,1649,1.12,0.50,0,151
97032,Virgil,2,14,3420,3.77,1.44,0,352
97299,Stones,2,43,436,0.00,0.09,0,30
98747,Pope,1,4,2416,0.16,0.00,89,0
98980,Martinez,1,7,2835,0.00,0.08,95,0
101148,Lascelles,2,4,19,0.04,0.00,0,5
101178,Ward-Prowse,3,90,1092,0.24,1.87,0,109
101188,Digne,2,7,1842,0.67,3.28,0,113
101982,Johnstone,1,39,1080,0.00,0.02,39,0
102057,Raúl,4,54,2183,11.58,0.90,0,132
105717,Masuaku,2,56,125,0.07,0.08,0,10
106611,Keane,2,11,2588,2.30,0.49,0,302
106760,Shaw,2,1,3220,0.72,1.98,0,224
107265,Gunn,1,17,45,0.00,0.00,0,0
108413,Hughes,3,31,1560,1.11,1.94,0,148
109345,March,3,36,38,0.04,0.02,0,5
109646,Tosin,2,8,788,0.11,0.40,0,97
109745,Arrizabalaga,1,3,90,0.00,0.00,2,0
110504,Traoré,3,56,634,0.48,0.25,0,40
111234,Pickford,1,11,3420,0.00,0.20,100,0
111317,Brooks,3,91,1188,5.81,3.40,0,94
111478,Veltman,2,36,1047,1.15,0.20,0,99
111773,Krafth,2,4,45,0.00,0.00,0,1
113564,Byram,2,2,8,0.00,0.00,0,3
114243,J.Murphy,3,4,1606,3.07,2.66,0,90
114283,Grealish,3,11,1627,2.05,3.37,0,135
115556,Davies,2,6,136,0.49,0.07,0,14
116216,Trossard,3,3,1997,5.60,3.59,0,133
116535,A.Becker,1,14,2340,0.00,0.03,57,0
118748,M.Salah,3,14,2144,8.23,5.44,0,109
119471,Schär,2,4,1089,0.97,0.60,0,115
121709,Benitez,1,31,90,0.00,0.00,3,0
122798,Robertson,2,14,1165,1.10,1.40,0,55
122806,McGinn,3,7,2136,3.00,4.11,0,150
124165,Roberts,3,56,27,0.03,0.02,0,1
126184,Aké,2,43,686,0.72,0.53,0,46
128295,Nørgaard,3,3,101,0.08,0.04,0,16
135720,Danso,2,6,1489,0.62,0.28,0,192
141746,B.Fernandes,3,1,3065,10.79,12.28,0,287
149065,José Sá,1,39,2070,0.00,0.04,65,0
149484,Mings,2,7,1322,1.30,0.42,0,107
152551,Lerma,3,31,1722,1.84,1.48,0,220
153133,Iwobi,3,54,2420,1.91,4.70,0,188
153366,Reed,3,54,89,0.13,0.45,0,6
153682,Wilson,3,54,2674,5.88,4.77,0,177
154296,J.Palhinha,3,6,2192,2.72,0.65,0,302
154561,Raya,1,3,3330,0.00,0.07,60,0
154566,Solanke,4,6,997,2.97,0.34,0,71
155408,Cook,3,91,872,0.07,0.52,0,143
155503,Woodman,1,14,212,0.00,0.00,9,0
155511,Armstrong,4,39,1141,2.77,0.85,0,37
158499,Christie,3,91,978,1.81,0.79,0,123
158534,Walker-Peters,2,21,1378,1.13,0.37,0,93
158983,Endo,3,14,170,0.04,0.05,0,23
159506,Aina,2,17,1587,0.41,0.84,0,130
159533,Adama,3,21,376,0.69,0.57,0,18
165809,Bernardo,3,43,2869,2.71,4.11,0,262
166477,Castagne,2,54,1838,1.50,1.47,0,146
166989,Tielemans,3,7,1857,1.14,3.26,0,203
167074,Tete,2,54,1791,0.92,1.46,0,165
167512,O'Nien,2,56,565,0.15,0.13,0,43
167887,Laurent,3,90,1752,0.87,0.48,0,186
168636,Enes Ünal,4,91,214,2.00,0.07,0,23
169528,Robinson,2,54,1487,1.07,1.58,0,136
171287,Gomez,2,14,594,0.28,0.64,0,46
171314,Rúben,2,43,2139,0.57,0.65,0,167
172567,Cullen,3,90,1513,0.94,1.36,0,173
172649,Henderson,1,31,3330,0.00,0.11,106,0
172780,Maddison,3,6,34,0.21,0.06,0,5
173879,Abraham,4,7,278,2.05,0.36,0,13
174592,Edwards,3,90,1058,1.49,1.84,0,67
174594,Nmecha,4,2,1065,7.25,1.58,0,57
174874,Andersen,2,54,2882,1.43,1.83,0,329
177815,Calvert-Lewin,4,2,2721,15.57,1.06,0,105
178186,Bowen,4,21,3406,7.22,5.21,0,281
178301,Watkins,4,7,2833,15.40,1.18,0,94
179268,Cucurella,2,8,2706,2.34,3.23,0,182
179458,Bruun Larsen,3,90,1014,1.37,1.16,0,63
180135,Longstaff,3,2,1003,1.23,1.87,0,110
180736,Chalobah,2,8,2780,1.44,1.03,0,265
180804,Tuanzebe,2,90,1201,0.61,0.12,0,120
180974,Joelinton,3,4,1950,2.36,1.35,0,238
183656,Dasilva,3,94,2,0.08,0.00,0,1
184029,Ødegaard,3,3,1363,1.25,3.65,0,102
184254,Vicario,1,6,2790,0.00,0.04,83,0
184341,Mount,3,1,1010,1.56,1.62,0,102
184349,Sessegnon,3,54,1816,1.60,1.80,0,218
184667,Lindelöf,2,7,942,0.28,0.10,0,54
184754,Hee Chan,3,39,1439,2.37,1.57,0,96
191866,Ajer,2,94,1805,0.69,0.73,0,192
194010,Henry,2,94,1322,0.18,0.54,0,68
195384,Merino,3,3,1024,3.36,1.45,0,113
195546,Buendía,3,7,1753,3.38,2.23,0,197
197024,G.Rodriguez,3,21,175,0.03,0.04,0,15
198869,White,2,3,699,0.45,0.69,0,53
199598,Ampadu,3,2,3119,2.47,2.20,0,416
199670,Édouard,4,31,2,0.00,0.00,0,1
199796,Cash,2,7,3016,1.14,2.94,0,186
199798,Konsa,2,7,3035,1.27,0.59,0,196
200089,Willock,3,4,972,1.26,1.07,0,89
200617,James,3,2,547,0.91,0.71,0,35
200641,Nelson,3,94,118,0.71,0.11,0,23
200720,Kelleher,1,94,3330,0.00,0.22,109,0
200785,Adams,3,91,1769,0.63,0.63,0,232
200834,Mukiele,2,56,2784,1.62,2.65,0,273
201595,Perri,1,2,1440,0.00,0.00,38,0
201658,Tavernier,3,91,2732,9.06,4.60,0,251
201666,Barnes,3,4,1951,6.84,2.72,0,100
201895,Alderete,2,56,2797,1.62,0.91,0,312
202993,Bentancur,3,6,1880,0.72,0.84,0,278
204120,Boscagli,2,36,799,0.05,0.47,0,78
204480,Rice,3,3,3093,3.15,7.32,0,376
204580,Janelt,3,94,1434,0.82,2.27,0,183
204646,Malen,3,7,640,4.03,0.35,0,16
204716,Konaté,2,14,3090,1.19,0.98,0,293
204936,Donnarumma,1,43,3060,0.00,0.13,78,0
204968,Yates,3,17,602,0.49,0.37,0,69
205533,Nketiah,4,31,414,1.77,0.46,0,38
205651,G.Jesus,4,3,418,2.71,0.26,0,30
206325,Zinchenko,2,17,352,0.07,0.36,0,24
206915,C.Jones,3,14,1923,2.21,2.77,0,237
207189,Berge,3,54,2904,1.54,1.50,0,280
207283,Jensen,3,94,2239,2.21,6.06,0,220
208706,Bruno G.,3,4,2456,5.59,4.96,0,251
208912,Worrall,2,90,496,0.08,0.02,0,76
209036,Guéhi,2,43,3150,4.05,2.37,0,278
209041,Angel,3,39,457,0.25,0.28,0,33
209046,Hudson-Odoi,3,17,1838,2.77,3.02,0,106
209243,Sancho,3,7,863,0.61,1.87,0,44
209244,Foden,3,43,2078,6.03,4.76,0,160
209289,Smith Rowe,3,54,1909,4.71,1.12,0,148
209365,De Ligt,2,1,1170,1.38,0.83,0,107
209400,Kamada,3,31,1899,1.64,3.24,0,208
210156,Awoniyi,4,17,480,3.68,0.77,0,26
210462,Sangaré,3,17,2073,1.16,1.80,0,267
210494,N.Aguerd,2,21,180,0.10,0.03,0,15
212314,Lukić,3,54,1730,2.23,1.91,0,183
212319,Richarlison,4,6,1954,8.64,1.46,0,147
214048,Kilman,2,21,1559,0.56,0.25,0,160
214225,Rodon,2,2,2952,1.40,0.56,0,274
214590,Wan-Bissaka,2,21,2080,0.00,1.00,0,174
215059,Sánchez,1,8,3040,0.00,0.04,98,0
215136,N.Williams,2,17,3203,2.01,3.97,0,247
215379,Anderson,3,17,3332,2.94,4.79,0,515
215413,Dewsbury-Hall,3,11,2629,4.35,5.34,0,230
215439,Souček,3,21,2190,5.73,0.52,0,224
215711,Bailey,3,7,450,0.50,1.46,0,48
216051,Dalot,2,1,2609,1.93,2.57,0,180
216055,Florentino,3,90,2100,0.64,0.52,0,313
216094,Frimpong,2,14,1032,0.50,1.55,0,30
216646,Wissa,4,4,517,3.13,0.54,0,22
218328,Chukwueze,3,54,1067,2.10,3.36,0,81
218364,Sosa,2,31,99,0.04,0.07,0,9
219168,Isak,4,14,694,2.59,0.08,0,30
219249,O'Riley,3,36,202,1.21,0.18,0,10
219847,Havertz,4,3,577,3.31,0.64,0,32
219924,Diop,2,54,812,0.80,0.05,0,61
220237,Botman,2,4,1834,1.73,0.86,0,216
220362,Disasi,2,21,1254,1.10,0.03,0,88
220566,Rodrigo,3,43,1510,1.15,2.45,0,206
220627,Justin,2,2,1893,1.83,1.16,0,183
221389,John,1,17,437,0.00,0.00,6,0
221399,Harrison,3,2,262,0.28,0.23,0,24
221466,Senesi,2,91,3288,1.53,4.72,0,419
221632,Romero,2,6,1869,1.39,1.25,0,197
221820,Martinez,2,1,1229,0.15,0.60,0,105
222531,Gibbs-White,3,17,3101,10.81,2.91,0,178
222683,Kluivert,3,91,945,2.31,1.55,0,65
222690,Malacia,2,1,15,0.00,0.00,0,4
222694,Struijk,2,2,2935,3.06,0.76,0,297
223094,Haaland,4,43,2953,25.50,2.67,0,104
223336,Neil,3,56,13,0.00,0.00,0,2
223340,Saka,3,3,2218,7.57,7.16,0,184
223434,Igor,2,36,103,0.00,0.00,0,13
223541,Chiesa,3,14,317,1.45,0.61,0,30
223827,Ballard,2,56,2144,2.46,0.63,0,264
224024,L.Paquetá,3,21,1513,2.85,2.00,0,146
224117,Gyökeres,4,3,2217,12.26,1.94,0,85
224967,Mykolenko,2,11,2959,0.28,2.46,0,231
225321,Ramsdale,1,4,1003,0.00,0.00,25,0
225796,James,2,8,1957,1.04,3.20,0,128
226182,Bogle,2,2,2795,2.08,3.11,0,178
226597,Gabriel,2,3,2750,2.94,1.75,0,277
226944,Kamara,3,7,1410,0.53,0.84,0,149
227127,Bissouma,3,6,600,0.36,0.10,0,74
227444,Milenković,2,17,3375,0.83,0.68,0,311
229384,Irving,3,21,156,0.00,0.17,0,22
230001,Mazraoui,2,1,977,0.19,0.35,0,94
230046,Douglas Luiz,3,7,913,0.53,1.42,0,105
230376,J.Arias,3,39,1117,3.38,0.62,0,125
231057,Bellegarde,3,39,1239,1.04,1.06,0,105
231065,Pinnock,2,94,318,0.01,0.06,0,42
231416,F.Kadıoğlu,2,36,3130,2.06,3.31,0,170
231480,S.Bueno,2,39,2552,2.28,1.45,0,216
231747,Mateta,4,31,2210,14.42,1.32,0,125
232112,Ugarte,3,1,876,0.72,0.16,0,142
232185,Sarr,3,31,2173,10.93,1.17,0,137
232413,Eze,3,3,1885,5.18,2.66,0,120
232653,J.Ramsey,3,4,1441,1.20,1.45,0,149
232787,Gallagher,3,6,1183,1.23,0.70,0,124
232826,Gordon,3,4,1798,8.77,3.38,0,91
232859,Spence,2,6,2049,0.90,1.77,0,116
232892,Bassey,2,54,2532,1.71,0.35,0,205
232928,Garner,3,11,3413,2.10,6.18,0,458
233963,Mavropanos,2,21,2532,2.47,0.70,0,313
235826,Piroe,4,2,244,0.90,0.13,0,14
242880,B.Badiashile,2,8,470,0.00,0.06,0,48
242882,Diakité,2,91,1275,0.02,0.19,0,117
242898,Johnson,3,31,1710,2.45,1.31,0,121
243016,Mac Allister,3,14,2654,3.89,1.69,0,229
243298,Gakpo,3,14,2736,8.35,4.67,0,152
243526,Gudmundsson,2,2,2637,1.10,2.89,0,184
243571,Patterson,2,11,238,0.03,0.04,0,31
244042,Muniz,4,54,987,3.30,0.15,0,52
244723,Mitchell,2,31,3253,1.59,2.53,0,245
244850,Rogers,3,7,3280,6.84,4.32,0,230
244851,Palmer,3,8,1954,10.55,2.49,0,135
244858,Carvalho,3,94,100,0.70,0.03,0,8
244954,Pau,2,7,1673,1.33,0.39,0,112
246301,J.Cuenca,2,54,935,0.05,0.53,0,117
247348,Muñoz,2,31,2400,2.45,3.94,0,196
247412,Strand Larsen,4,31,2301,5.30,1.12,0,95
247632,Neto,3,8,2629,4.59,6.84,0,122
247670,Taty,4,21,1384,5.75,0.81,0,71
247693,Kolo Muani,4,6,1655,2.07,1.63,0,114
247955,Geertruida,2,56,1681,0.79,0.85,0,113
248056,Tanaka,3,2,1307,1.44,1.39,0,147
248857,Madueke,3,3,1205,1.23,2.86,0,70
248875,Doku,3,43,1773,2.87,5.86,0,126
249231,Lewis-Potter,2,94,1960,3.01,2.51,0,74
250199,Dominguez,3,17,1168,1.47,0.77,0,143
424044,H.Traorè,3,91,16,0.00,0.00,0,4
424876,Szoboszlai,3,14,3232,4.76,6.83,0,338
427623,Richards,2,31,2825,2.42,1.56,0,311
427637,Aaronson,3,2,2449,4.53,3.60,0,216
428580,Onyeka,3,94,88,0.00,0.36,0,10
429414,Kalajdžić,4,39,14,0.00,0.01,0,2
430871,Cunha,3,1,2493,6.90,3.36,0,211
431248,Krejčí,2,39,2356,2.23,1.49,0,197
431639,Flemming,4,90,1764,7.94,0.41,0,99
432422,Tonali,3,4,2534,1.75,2.87,0,257
432714,McAtee,3,17,288,0.18,0.37,0,32
432720,Trafford,1,43,360,0.00,0.00,14,0
432830,Collins,2,94,2971,2.24,1.71,0,319
433036,Reijnders,3,43,1623,4.61,2.35,0,100
433154,McNeil,3,11,1161,1.37,1.91,0,111
433312,Munetsi,3,39,872,1.64,0.38,0,80
434399,Reinildo,2,56,1966,0.13,0.62,0,164
434752,Bijol,2,2,1888,0.90,0.75,0,219
435973,Foster,4,90,1361,3.22,0.37,0,85
435997,Okafor,3,2,1553,5.25,1.32,0,113
437499,Lacroix,2,31,3085,2.45,0.83,0,370
437505,Isidor,4,56,1148,4.70,0.38,0,51
437730,Semenyo,3,43,3200,11.10,3.12,0,236
437738,Bornauw,2,2,429,0.20,0.01,0,49
437748,Trésor,3,90,37,0.00,0.00,0,5
438234,Marmoush,3,43,691,2.78,0.77,0,39
440089,Damsgaard,3,94,2046,2.61,5.43,0,241
440323,Broja,4,90,843,2.14,0.22,0,44
440993,Ndiaye,3,11,2781,6.68,4.41,0,283
441164,Pedro Porro,2,6,2793,1.05,4.37,0,218
441191,Livramento,2,4,1326,0.13,0.89,0,68
441264,Brobbey,4,56,1920,6.02,0.67,0,74
441266,Gravenberch,3,14,2991,1.89,2.26,0,298
441271,Hoever,2,39,423,0.02,0.36,0,40
441302,Maatsen,2,7,1590,1.26,2.39,0,128
444102,Evanilson,4,91,2741,10.64,1.48,0,135
444145,Martinelli,3,3,1065,4.12,1.27,0,77
444180,Anthony,3,90,2717,5.11,2.85,0,232
444463,Fofana,2,8,1718,0.72,0.60,0,206
444765,Van den Berg,2,94,2761,3.36,1.45,0,272
444884,Elliott,3,7,110,0.29,0.08,0,6
445122,J.Timber,2,3,2452,4.71,1.53,0,148
446008,Mbeumo,3,1,2611,11.98,4.99,0,139
448047,Enzo,3,8,3114,11.26,7.26,0,244
448089,J.Gomes,3,39,2829,1.29,2.09,0,387
448104,Hincapie,2,3,1787,0.36,1.67,0,171
448514,Aït-Nouri,2,43,971,0.53,2.01,0,67
449027,Mamardashvili,1,14,867,0.00,0.00,34,0
449434,Elanga,3,4,1302,1.65,1.74,0,55
449871,Onana,3,7,1755,1.68,0.69,0,219
450070,Summerville,3,21,2470,5.43,3.35,0,215
450539,Peart-Harris,3,94,1,0.00,0.00,0,0
451302,Bayindir,1,1,540,0.00,0.05,13,0
451340,Mitoma,3,36,1714,4.04,2.74,0,107
456512,Ndoye,3,17,1167,1.05,1.51,0,96
457569,Petrović,1,91,3420,0.00,0.00,109,0
458249,Zirkzee,4,1,607,2.74,0.34,0,44
460028,Colwill,2,8,225,0.00,0.12,0,25
460842,Kudus,3,6,1535,1.92,2.41,0,133
461188,Humphreys,2,90,1574,0.42,0.68,0,141
461195,Cirkin,2,56,319,0.08,0.02,0,28
461199,Mundle,3,56,399,0.87,0.48,0,33
462116,Todibo,2,21,1817,0.25,0.32,0,165
462424,Saliba,2,3,2614,0.88,1.21,0,193
463034,Delap,4,8,1092,4.54,0.23,0,42
463067,Georginio,3,36,1776,2.90,2.90,0,131
463936,Gittens,3,8,486,0.81,0.94,0,29
463981,Hill,2,91,2102,0.89,1.16,0,260
465247,Lammens,1,1,2880,0.00,0.00,79,0
465351,Matheus N.,2,43,2861,0.34,2.23,0,195
465527,Hannibal,3,90,1219,0.91,2.08,0,111
465642,Thiaw,2,4,2963,4.80,0.96,0,292
465680,Kalimuendo,4,17,89,0.44,0.02,0,6
465694,N.Gonzalez,3,43,1561,0.68,1.12,0,206
465730,De Cuyper,2,36,1404,1.66,4.08,0,64
466052,Cherki,3,43,1772,4.28,8.87,0,135
466075,Calafiori,2,3,1697,3.36,0.76,0,102
466525,Stach,3,2,2369,2.88,4.47,0,266
467189,Hermansen,1,21,1620,0.00,0.01,55,0
467779,Wieffer,3,36,1901,1.92,1.86,0,269
469130,Lucca,4,17,126,0.79,0.01,0,7
469142,Van Hecke,2,36,3210,3.31,1.57,0,317
469272,Tchaouna,3,90,1259,1.27,0.91,0,69
470313,Woltemade,4,4,1896,6.59,1.53,0,105
470315,Netz,2,17,353,0.00,0.41,0,27
472713,Hickey,2,94,679,0.44,0.17,0,51
472769,O'Reilly,2,43,2643,6.12,2.67,0,172
475168,João Pedro,4,8,2658,14.91,1.96,0,138
476887,Bakwa,3,17,549,0.54,1.01,0,35
477064,Lewis,2,43,401,0.19,1.39,0,19
477424,Gvardiol,2,43,1370,2.25,0.70,0,103
477555,Bobb,3,54,1030,1.47,2.10,0,76
477717,Estève,2,90,2933,0.73,0.59,0,334
478969,Ekdal,2,90,1539,0.25,0.32,0,174
480455,Branthwaite,2,11,678,0.34,0.11,0,67
481655,Zubimendi,3,3,2991,2.84,2.27,0,307
482442,P.M.Sarr,3,6,1388,1.63,1.11,0,183
482609,Gusto,2,8,2255,1.56,2.97,0,126
482973,Igor Jesus,4,17,2293,6.48,1.26,0,123
483081,R.Gomes,2,39,954,2.13,0.39,0,45
484420,E.Le Fée,3,56,2930,5.22,5.95,0,319
485047,Morato,2,17,1340,1.32,0.15,0,144
485055,Kinsky,1,6,630,0.00,0.00,10,0
485337,Guessand,3,31,909,1.56,0.85,0,83
485711,Šeško,4,1,1630,9.21,0.28,0,64
486385,Beto,4,11,1551,8.90,0.23,0,89
486520,Gruev,3,2,1318,0.49,0.86,0,114
486672,Caicedo,3,8,2796,1.45,2.38,0,366
487053,Udogie,2,6,1335,0.18,0.72,0,68
487676,Hume,2,56,3032,2.27,2.05,0,203
487838,Hall,2,4,2176,1.01,2.78,0,173
488024,Yeremy,3,31,2074,4.53,6.12,0,167
488213,Tolu,4,39,1402,5.49,0.39,0,83
489639,Verbruggen,1,36,3420,0.00,0.06,106,0
489706,Devenny,3,31,785,2.38,0.39,0,72
489888,Adli,3,91,1074,2.60,1.62,0,123
490094,Iroegbunam,3,11,1477,0.54,0.71,0,189
490142,Potts,3,21,1162,0.21,1.06,0,119
490145,Scarlett,4,6,7,0.00,0.01,0,1
490721,H.Bueno,2,39,2359,0.86,3.49,0,172
490885,Earthy,3,21,8,0.00,0.01,0,0
491007,D.Essugo,3,8,26,0.00,0.01,0,8
491279,Van de Ven,2,6,3041,2.82,0.38,0,212
492777,Bradley,2,14,928,0.18,0.84,0,65
492831,Amdouni,4,90,69,0.24,0.02,0,1
492859,Gnonto,3,2,521,0.40,0.77,0,59
493105,Garnacho,3,8,1261,3.44,3.68,0,71
493125,Dragusin,2,6,515,0.31,0.01,0,75
493250,Amad,3,1,2339,5.46,4.74,0,198
493362,Xavi,3,6,1747,3.06,3.85,0,149
494307,Alleyne,2,43,135,0.26,0.06,0,11
494521,Truffert,2,91,3378,1.35,3.07,0,301
494595,Wirtz,3,14,2374,6.83,5.14,0,176
494960,Hartman,2,90,1825,0.32,1.98,0,153
496208,Gannon-Doak,3,91,105,0.26,0.13,0,13
496221,Wharton,3,31,2552,1.52,7.47,0,303
496661,Dibling,3,11,349,0.20,0.14,0,40
497606,Chirewa,3,39,25,0.00,0.00,0,4
497949,Møller Wolfe,2,39,1042,0.13,1.09,0,50
498016,Roefs,1,56,3150,0.00,0.10,109,0
499169,Lewis-Skelly,2,3,697,0.10,0.20,0,25
499175,Nwaneri,3,3,165,0.23,0.08,0,13
499309,Marc Guiu,4,8,265,1.54,0.29,0,8
499604,Rayan,3,91,1110,2.67,1.84,0,82
499716,Rowswell,2,6,1,0.00,0.00,0,0
499726,Olusesi,3,6,14,0.00,0.01,0,2
500040,Mosquera,2,3,986,0.10,0.63,0,95
500151,Savona,2,17,1025,1.34,0.45,0,57
501837,Mosquera,2,39,2137,2.51,0.62,0,219
502500,Thiago,4,94,3282,20.60,1.83,0,214
502697,Alcaraz,3,11,679,1.17,0.54,0,70
503139,Scott,3,91,2848,3.80,2.94,0,386
503301,Hutchinson,3,17,1676,2.01,3.87,0,129
503714,Ugochukwu,3,90,2330,2.50,0.41,0,214
507433,Valdimarsson,1,94,90,0.00,0.00,1,0
508395,Yarmoliuk,3,94,2652,1.22,1.39,0,338
508479,Jörgensen,1,8,378,0.00,0.00,8,0
509291,André,3,39,2760,0.52,0.99,0,383
509416,Ayari,3,36,1921,2.70,1.15,0,225
510281,Savinho,3,43,817,2.50,1.59,0,59
510362,Toti,2,39,1423,0.53,0.29,0,143
510500,Jota,3,17,11,0.00,0.00,0,3
510663,Ekitiké,4,14,1797,10.10,2.45,0,85
511499,Tel,3,6,1334,2.47,2.43,0,111
512462,O'Brien,2,11,3118,1.67,1.00,0,231
513418,Schade,3,94,2744,12.08,2.05,0,190
513433,Gruda,3,36,708,1.86,0.88,0,58
513466,Röhl,3,11,675,0.67,0.35,0,68
514254,Gomez,3,36,2117,6.24,1.72,0,238
514356,Lavia,3,8,374,0.21,0.55,0,37
515046,Ellborg,1,56,270,0.00,0.02,10,0
515597,Bogarde,2,7,1042,0.00,0.20,0,60
515621,Chadi Riad,2,31,550,0.33,0.13,0,45
516895,Mainoo,3,1,1653,0.48,1.27,0,187
516939,Agbadou,2,39,1100,0.57,0.40,0,125
518030,Weiss,1,90,270,0.00,0.00,10,0
519634,Seelt,2,56,133,0.00,0.01,0,12
519895,Sonne,2,90,164,0.55,0.08,0,7
519913,Fletcher,3,1,17,0.00,0.01,0,2
523705,Tchatchoua,2,39,1834,0.33,1.60,0,108
530318,Rodney,3,31,3,0.00,0.00,0,0
530335,Pablo,4,21,819,1.05,1.11,0,72
532529,Hinshelwood,3,36,1736,4.94,2.34,0,114
532605,Andrey Santos,3,8,1247,2.00,0.88,0,129
533463,O.Dango,3,94,2271,7.94,4.12,0,185
535301,Baleba,3,36,1646,0.78,0.72,0,209
535818,Adingra,3,56,649,0.35,0.62,0,45
536109,Scarles,2,21,656,0.18,0.32,0,74
536661,Angulo,3,56,401,0.77,0.12,0,35
536916,Buonanotte,3,2,81,0.06,0.28,0,6
538207,Osula,4,4,805,4.28,0.62,0,31
543295,Milambo,3,94,45,0.00,0.01,0,4
544877,Kerkez,2,14,2251,1.50,0.69,0,134
545477,A.Murphy,2,4,7,0.00,0.00,0,4
547027,Diarra,3,56,1403,3.27,0.85,0,79
547037,J.Fletcher,3,1,107,0.03,0.02,0,11
547676,Fredricson,2,1,2,0.00,0.00,0,2
547701,Gray,3,6,1471,1.50,1.29,0,132
547719,L.Miley,3,4,1493,1.36,2.10,0,155
549067,Abbott,2,17,165,0.00,0.01,0,13
549074,Watson,3,36,57,0.04,0.03,0,5
549329,Lucas Pires,2,90,1405,0.60,1.46,0,93
549912,Talbi,3,56,1553,2.13,1.18,0,92
550090,Coppola,2,36,193,0.00,0.01,0,18
550615,George,3,11,351,0.64,1.19,0,23
550839,Odobert,3,6,972,1.92,1.21,0,77
550864,Yoro,2,1,1730,1.34,0.59,0,156
551206,Banel,3,90,9,0.00,0.00,0,0
551210,Hato,2,8,1139,0.30,0.61,0,99
551226,M.Fernandes,3,21,3017,1.99,2.96,0,369
551483,A.Jimenez,2,91,2315,1.09,1.73,0,148
554197,Rigg,3,56,758,0.86,0.93,0,57
556637,Oriola,3,36,1,0.00,0.00,0,0
559962,Jimoh-Aloba,3,7,8,0.00,0.00,0,1
560262,Kroupi.Jr,4,91,1663,8.31,1.51,0,112
560552,Kevin,3,54,1030,1.21,1.47,0,86
564406,Mayenda,4,56,751,2.13,0.22,0,26
564940,S.Magassa,3,21,971,0.44,0.32,0,127
565431,Marshall,4,21,58,0.13,0.00,0,3
567119,Mheuka,4,8,1,0.00,0.00,0,1
567121,Knight,3,36,1,0.00,0.00,0,0
570526,Bergvall,3,6,955,1.23,0.43,0,79
574458,M.Sarr,2,8,100,0.35,0.00,0,8
575458,Jair Cunha,2,17,514,0.27,0.06,0,47
575476,Murillo,2,17,2130,0.73,0.47,0,223
575901,Soler,2,91,34,0.00,0.00,0,1
576620,Bendito Mantato,3,1,15,0.00,0.01,0,0
576628,Lacey,3,1,40,0.10,0.01,0,3
577016,Acheampong,2,8,657,0.62,0.13,0,44
577114,L.Guilherme,3,21,121,0.07,0.03,0,11
577285,George Hemmings,3,7,25,0.04,0.01,0,1
577669,Sadiki,3,56,2891,1.43,1.46,0,248
577725,King,3,54,1290,2.47,0.66,0,107
578153,Khusanov,2,43,1427,0.65,1.21,0,123
586309,Barry,4,11,1898,8.17,0.44,0,74
590014,Cardines,3,31,90,0.02,0.16,0,7
590039,Mukasa,3,43,25,0.00,0.21,0,1
591386,Nyoni,3,14,21,0.37,0.02,0,5
592031,Minteh,3,36,2389,3.81,5.06,0,185
593174,Furo,4,94,1,0.00,0.00,0,0
596054,Edozie,3,39,12,0.23,0.00,0,1
596777,Dorgu,2,1,1440,2.39,1.84,0,98
597320,Howell,3,36,92,0.00,0.03,0,7
599303,Neave,4,4,13,0.03,0.00,0,0
602903,Mayers,2,21,113,0.12,0.49,0,5
606689,Donovan,3,94,38,0.09,0.01,0,5
606745,Heaven,2,1,920,0.34,0.18,0,93
606775,Winterburn,3,91,6,0.00,0.00,0,0
606798,A.García,2,7,83,0.00,0.01,0,10
606921,Esse,3,31,40,0.00,0.04,0,5
607464,Kayode,2,94,3258,1.28,2.89,0,219
608181,Tzimas,4,36,132,0.44,0.11,0,15
609873,Armstrong,3,11,524,0.79,0.22,0,50
611922,Ngumoha,3,14,547,1.34,2.01,0,30
613804,Diouf,2,21,2706,0.57,2.51,0,205
614574,Tóth.A,3,91,135,0.11,0.33,0,17
616077,Dowman,3,3,152,1.19,0.30,0,16
616221,Souza,2,6,142,0.02,0.03,0,6
619734,Derry,3,8,45,0.10,0.02,0,3
620487,Milosavljević,2,91,367,0.15,0.19,0,39
624773,Estêvão,3,8,839,2.91,2.14,0,56
630699,Mohamadou Kanté,3,21,67,0.07,0.04,0,16
631786,Kusi-Asare,4,54,49,0.00,0.07,0,5
640419,Byfield,2,6,1,0.00,0.00,0,0
641221,Pedro Lima,2,39,257,0.35,0.37,0,19
643135,Fer López,3,39,228,0.16,0.61,0,12
645618,Burrowes,3,7,16,0.00,0.00,0,1
647671,Mané,4,39,1787,2.01,3.69,0,137
647850,Kostoulas,4,36,351,2.12,0.54,0,41
651426,Canvot,2,31,1331,1.48,0.33,0,169
653481,Alysson,3,7,47,0.05,0.05,0,4
660392,Uche,4,31,159,0.49,0.01,0,13
672492,Drakes-Thomas,3,31,7,0.00,0.00,0,3
685628,Abbey,3,39,16,0.00,0.00,0,2
699989,Jocelin.T,3,56,38,0.00,0.04,0,3
