date,home_code,away_code,home_goals,away_goals
2024-08-16,1,54,1,0
2024-08-17,11,36,0,3
2024-08-17,17,91,1,1
2024-08-17,21,7,1,2
2024-08-17,3,39,2,0
2024-08-17,4,20,1,0
2024-08-17,40,14,0,2
2024-08-18,8,43,0,2
2024-08-18,94,31,2,1
2024-08-19,13,6,1,1
2024-08-24,20,17,0,1
2024-08-24,31,21,0,2
2024-08-24,36,1,2,1
2024-08-24,43,40,4,1
2024-08-24,54,13,2,1
2024-08-24,6,11,4,0
2024-08-24,7,3,0,2
2024-08-25,14,94,2,0
2024-08-25,39,8,2,6
2024-08-25,91,4,1,1
2024-08-31,11,91,2,3
2024-08-31,13,7,1,2
2024-08-31,17,39,1,1
2024-08-31,21,43,1,3
2024-08-31,3,36,1,1
2024-08-31,40,54,1,1
2024-08-31,94,20,3,1
2024-09-01,1,14,0,3
2024-09-01,4,6,2,1
2024-09-01,8,31,1,1
2024-09-14,14,17,0,1
2024-09-14,20,1,0,3
2024-09-14,31,13,2,2
2024-09-14,36,40,0,0
2024-09-14,43,94,2,1
2024-09-14,54,21,1,1
2024-09-14,7,11,3,2
2024-09-14,91,8,0,1
2024-09-15,39,4,1,2
2024-09-15,6,3,0,1
2024-09-21,13,11,1,1
2024-09-21,14,91,3,0
2024-09-21,20,40,1,1
2024-09-21,21,8,0,3
2024-09-21,31,1,0,0
2024-09-21,54,4,3,1
2024-09-21,6,94,3,1
2024-09-21,7,39,3,1
2024-09-22,36,17,2,2
2024-09-22,43,3,2,2
2024-09-28,11,31,2,1
2024-09-28,17,54,0,1
2024-09-28,3,13,4,2
2024-09-28,39,14,1,2
2024-09-28,4,43,1,1
2024-09-28,8,36,4,2
2024-09-28,94,21,1,1
2024-09-29,1,6,0,3
2024-09-29,40,7,2,2
2024-09-30,91,20,3,1
2024-10-05,11,4,0,0
2024-10-05,13,91,1,0
2024-10-05,21,40,4,1
2024-10-05,3,20,3,1
2024-10-05,31,14,0,1
2024-10-05,43,54,3,2
2024-10-05,94,39,5,3
2024-10-06,36,6,3,2
2024-10-06,7,1,0,0
2024-10-06,8,17,1,1
2024-10-19,1,94,2,1
2024-10-19,20,13,2,3
2024-10-19,4,36,0,1
2024-10-19,40,11,0,2
2024-10-19,54,7,1,3
2024-10-19,6,21,4,1
2024-10-19,91,3,2,0
2024-10-20,14,8,2,1
2024-10-20,39,43,1,2
2024-10-21,17,31,1,0
2024-10-25,13,17,1,3
2024-10-26,11,54,1,1
2024-10-26,36,39,2,2
2024-10-26,43,20,1,0
2024-10-26,7,91,1,1
2024-10-26,94,40,4,3
2024-10-27,21,1,2,1
2024-10-27,3,14,2,2
2024-10-27,31,6,1,0
2024-10-27,8,4,2,1
2024-11-02,14,36,2,1
2024-11-02,17,21,3,0
2024-11-02,20,11,1,0
2024-11-02,39,31,2,2
2024-11-02,4,3,1,0
2024-11-02,40,13,1,1
2024-11-02,91,43,2,1
2024-11-03,1,8,1,1
2024-11-03,6,7,4,1
2024-11-04,54,94,2,1
2024-11-09,14,7,2,0
2024-11-09,21,11,0,0
2024-11-09,31,54,0,2
2024-11-09,36,43,2,1
2024-11-09,39,20,2,0
2024-11-09,94,91,3,2
2024-11-10,1,13,3,0
2024-11-10,17,4,1,3
2024-11-10,6,40,1,2
2024-11-10,8,3,1,1
2024-11-23,11,94,0,0
2024-11-23,13,8,1,2
2024-11-23,3,17,3,0
2024-11-23,43,6,0,4
2024-11-23,54,39,1,4
2024-11-23,7,31,2,2
2024-11-23,91,36,1,2
2024-11-24,20,14,2,3
2024-11-24,40,1,1,1
2024-11-25,4,21,0,2
2024-11-29,36,20,1,1
2024-11-30,17,40,1,0
2024-11-30,21,3,2,5
2024-11-30,31,4,1,1
2024-11-30,39,91,2,4
2024-11-30,94,13,4,1
2024-12-01,1,11,4,0
2024-12-01,14,43,2,0
2024-12-01,6,54,1,1
2024-12-01,8,7,3,0
2024-12-03,13,21,3,1
2024-12-03,40,31,0,1
2024-12-04,11,39,4,0
2024-12-04,20,8,1,5
2024-12-04,3,1,2,0
2024-12-04,4,14,3,3
2024-12-04,43,17,3,0
2024-12-04,7,94,3,1
2024-12-05,54,36,3,1
2024-12-05,91,6,1,0
2024-12-07,1,17,2,3
2024-12-07,31,43,2,2
2024-12-07,7,20,1,0
2024-12-07,94,4,4,2
2024-12-08,13,36,2,2
2024-12-08,40,91,1,2
2024-12-08,54,3,1,1
2024-12-08,6,8,3,4
2024-12-09,21,39,2,1
2024-12-14,14,54,2,2
2024-12-14,17,7,2,1
2024-12-14,3,11,0,0
2024-12-14,39,40,1,2
2024-12-14,4,13,4,0
2024-12-15,20,6,0,5
2024-12-15,36,31,1,3
2024-12-15,43,1,1,2
2024-12-15,8,94,2,1
2024-12-16,91,21,1,1
2024-12-21,21,36,1,1
2024-12-21,31,3,1,5
2024-12-21,40,4,0,4
2024-12-21,7,43,2,1
2024-12-21,94,17,0,2
2024-12-22,1,91,0,3
2024-12-22,11,8,0,0
2024-12-22,13,39,0,3
2024-12-22,54,20,0,0
2024-12-22,6,14,3,6
2024-12-26,14,13,3,1
2024-12-26,17,6,1,0
2024-12-26,20,21,0,1
2024-12-26,39,1,2,0
2024-12-26,4,7,3,0
2024-12-26,43,11,1,1
2024-12-26,8,54,1,2
2024-12-26,91,31,0,0
2024-12-27,3,40,1,0
2024-12-27,36,94,0,0
2024-12-29,11,17,0,2
2024-12-29,13,43,0,2
2024-12-29,21,14,0,5
2024-12-29,31,20,2,1
2024-12-29,54,91,2,2
2024-12-29,6,39,2,2
2024-12-30,1,4,0,2
2024-12-30,40,8,2,0
2024-12-30,7,36,2,2
2025-01-01,94,3,1,3
2025-01-04,20,94,0,5
2025-01-04,31,8,1,1
2025-01-04,36,3,1,1
2025-01-04,43,21,4,1
2025-01-04,6,4,1,2
2025-01-04,7,13,2,1
2025-01-04,91,11,1,0
2025-01-05,14,1,2,2
2025-01-05,54,40,2,2
2025-01-06,39,17,0,3
2025-01-14,17,14,1,1
2025-01-14,21,54,3,2
2025-01-14,8,91,2,2
2025-01-14,94,43,2,2
2025-01-15,11,7,0,1
2025-01-15,13,31,0,2
2025-01-15,3,6,2,1
2025-01-15,4,39,3,0
2025-01-16,1,20,3,1
2025-01-16,40,36,0,2
2025-01-18,13,54,0,2
2025-01-18,21,31,0,2
2025-01-18,3,7,2,2
2025-01-18,4,91,1,4
2025-01-18,94,14,0,2
2025-01-19,1,36,1,3
2025-01-19,11,6,3,2
2025-01-19,17,20,3,2
2025-01-19,40,43,0,6
2025-01-20,8,39,3,1
2025-01-25,14,40,4,1
2025-01-25,20,4,1,3
2025-01-25,36,11,0,1
2025-01-25,39,3,0,1
2025-01-25,43,8,3,1
2025-01-25,91,17,5,0
2025-01-26,31,94,1,2
2025-01-26,54,1,0,1
2025-01-26,6,13,1,2
2025-01-26,7,21,1,1
2025-02-01,11,13,4,0
2025-02-01,17,36,7,0
2025-02-01,39,7,2,0
2025-02-01,4,54,1,2
2025-02-01,40,20,1,2
2025-02-01,91,14,0,2
2025-02-02,1,31,0,2
2025-02-02,3,43,5,1
2025-02-02,94,6,0,2
2025-02-03,8,21,2,1
2025-02-12,11,14,2,2
2025-02-14,36,8,3,0
2025-02-15,13,3,0,2
2025-02-15,20,91,1,3
2025-02-15,21,94,0,1
2025-02-15,31,11,1,2
2025-02-15,43,4,4,0
2025-02-15,54,17,2,1
2025-02-15,7,40,1,1
2025-02-16,14,39,2,1
2025-02-16,6,1,1,0
2025-02-19,7,14,2,2
2025-02-21,13,94,0,4
2025-02-22,11,1,2,2
2025-02-22,20,36,0,4
2025-02-22,3,21,0,1
2025-02-22,40,6,1,4
2025-02-22,54,31,0,2
2025-02-22,7,8,2,1
2025-02-22,91,39,0,1
2025-02-23,4,17,4,3
2025-02-23,43,14,0,2
2025-02-25,31,7,4,1
2025-02-25,36,91,2,1
2025-02-25,39,54,1,2
2025-02-25,8,20,4,0
2025-02-26,1,40,3,2
2025-02-26,14,4,2,0
2025-02-26,17,3,0,0
2025-02-26,6,43,0,1
2025-02-26,94,11,1,1
2025-02-27,21,13,2,0
2025-03-08,14,20,3,1
2025-03-08,17,43,1,0
2025-03-08,31,40,1,0
2025-03-08,36,54,2,1
2025-03-08,39,11,1,1
2025-03-08,94,7,0,1
2025-03-09,1,3,1,1
2025-03-09,6,91,2,2
2025-03-09,8,13,1,0
2025-03-10,21,4,0,1
2025-03-15,11,21,1,1
2025-03-15,20,39,1,2
2025-03-15,40,17,2,4
2025-03-15,43,36,2,2
2025-03-15,91,94,1,2
2025-03-16,13,1,0,3
2025-03-16,3,8,1,0
2025-03-16,54,6,2,0
2025-04-01,17,1,1,0
2025-04-01,3,54,2,1
2025-04-01,39,21,1,0
2025-04-02,14,11,1,0
2025-04-02,20,31,1,1
2025-04-02,36,7,0,3
2025-04-02,4,94,2,1
2025-04-02,43,13,2,0
2025-04-02,91,40,1,2
2025-04-03,8,6,1,0
2025-04-05,11,3,1,1
2025-04-05,21,91,2,2
2025-04-05,31,36,2,1
2025-04-05,40,39,1,2
2025-04-05,7,17,2,1
2025-04-06,1,43,0,0
2025-04-06,54,14,3,2
2025-04-06,6,20,3,1
2025-04-06,94,8,0,0
2025-04-07,13,4,0,3
2025-04-12,17,11,0,1
2025-04-12,20,7,0,3
2025-04-12,3,94,1,1
2025-04-12,36,13,2,2
2025-04-12,43,31,5,2
2025-04-13,14,21,2,1
2025-04-13,39,6,4,2
2025-04-13,4,1,4,1
2025-04-13,8,40,2,2
2025-04-14,91,54,1,0
2025-04-16,4,31,5,0
2025-04-19,11,43,0,2
2025-04-19,21,20,1,1
2025-04-19,31,91,0,0
2025-04-19,7,4,4,1
2025-04-19,94,36,4,2
2025-04-20,1,39,0,1
2025-04-20,13,14,0,1
2025-04-20,40,3,0,4
2025-04-20,54,8,1,2
2025-04-21,6,17,1,2
2025-04-22,43,7,2,1
2025-04-23,3,31,2,2
2025-04-26,20,54,1,2
2025-04-26,36,21,3,2
2025-04-26,39,13,3,0
2025-04-26,4,40,3,0
2025-04-26,8,11,1,0
2025-04-27,14,6,5,1
2025-04-27,91,1,1,1
2025-05-01,17,94,0,2
2025-05-02,43,39,1,0
2025-05-03,11,40,2,2
2025-05-03,13,20,2,0
2025-05-03,3,91,1,2
2025-05-03,7,54,1,0
2025-05-04,21,6,1,1
2025-05-04,36,4,1,1
2025-05-04,8,14,3,1
2025-05-04,94,1,4,3
2025-05-05,31,17,1,1
2025-05-10,20,43,0,0
2025-05-10,39,36,0,2
2025-05-10,40,94,0,1
2025-05-10,54,11,1,3
2025-05-10,91,7,0,1
2025-05-11,1,21,0,2
2025-05-11,14,3,2,2
2025-05-11,17,13,2,2
2025-05-11,4,8,2,0
2025-05-11,6,31,0,2
2025-05-16,7,6,2,0
2025-05-16,8,1,1,0
2025-05-18,11,20,2,0
2025-05-18,13,40,2,0
2025-05-18,21,17,1,2
2025-05-18,3,4,1,0
2025-05-18,94,54,2,3
2025-05-19,36,14,3,2
2025-05-20,31,39,4,2
2025-05-20,43,91,3,1
2025-05-25,1,7,2,0
2025-05-25,14,31,1,1
2025-05-25,17,8,0,1
2025-05-25,20,3,1,2
2025-05-25,39,94,1,1
2025-05-25,4,11,0,1
2025-05-25,40,21,1,3
2025-05-25,54,43,0,2
2025-05-25,6,36,1,4
2025-05-25,91,13,2,0
2025-08-15,14,91,4,2
2025-08-16,36,54,1,1
2025-08-16,39,43,0,4
2025-08-16,56,21,3,0
2025-08-16,6,90,3,0
2025-08-16,7,4,0,0
2025-08-17,1,3,0,1
2025-08-17,17,94,3,1
2025-08-17,8,31,0,0
2025-08-18,2,11,1,0
2025-08-22,21,8,1,5
2025-08-23,3,2,5,0
2025-08-23,43,6,0,2
2025-08-23,90,56,2,0
2025-08-23,91,39,1,0
2025-08-23,94,7,1,0
2025-08-24,11,36,2,0
2025-08-24,31,17,1,1
2025-08-24,54,1,1,1
2025-08-25,4,14,2,3
2025-08-30,1,90,3,2
2025-08-30,2,4,0,0
2025-08-30,39,11,2,3
2025-08-30,56,94,2,1
2025-08-30,6,91,0,1
2025-08-30,8,54,2,0
2025-08-31,14,3,1,0
2025-08-31,17,21,0,3
2025-08-31,36,43,2,1
2025-08-31,7,31,0,3
2025-09-13,11,7,0,0
2025-09-13,21,6,0,3
2025-09-13,3,17,3,0
2025-09-13,31,56,0,0
2025-09-13,4,39,1,0
2025-09-13,54,2,1,0
2025-09-13,91,36,2,1
2025-09-13,94,8,2,2
2025-09-14,43,1,3,0
2025-09-14,90,14,0,1
2025-09-20,1,8,2,1
2025-09-20,14,11,2,1
2025-09-20,21,31,1,2
2025-09-20,36,6,2,2
2025-09-20,39,2,1,3
2025-09-20,54,94,3,1
2025-09-20,90,17,1,1
2025-09-21,3,43,1,1
2025-09-21,56,7,1,1
2025-09-21,91,4,0,0
2025-09-27,17,56,0,1
2025-09-27,2,91,2,2
2025-09-27,31,14,2,1
2025-09-27,43,90,5,1
2025-09-27,6,39,1,1
2025-09-27,8,36,1,3
2025-09-27,94,1,3,1
2025-09-28,4,3,1,2
2025-09-28,7,54,3,1
2025-09-29,11,21,1,1
2025-10-03,91,54,3,1
2025-10-04,1,56,2,0
2025-10-04,2,6,1,2
2025-10-04,3,21,2,0
2025-10-04,8,14,2,1
2025-10-05,11,31,2,1
2025-10-05,39,36,1,1
2025-10-05,4,17,2,0
2025-10-05,7,90,2,1
2025-10-05,94,43,0,1
2025-10-18,17,8,0,3
2025-10-18,31,91,3,3
2025-10-18,36,4,2,1
2025-10-18,43,11,2,0
2025-10-18,54,3,0,1
2025-10-18,56,39,2,0
2025-10-18,90,2,2,0
2025-10-19,14,1,1,2
2025-10-19,6,7,1,2
2025-10-20,21,94,0,2
2025-10-24,2,21,2,1
2025-10-25,1,36,4,2
2025-10-25,4,54,2,1
2025-10-25,8,56,1,2
2025-10-25,94,14,3,2
2025-10-26,11,6,0,3
2025-10-26,3,31,1,0
2025-10-26,39,90,2,3
2025-10-26,7,43,1,0
2025-10-26,91,17,2,0
2025-11-01,14,7,2,0
2025-11-01,17,1,2,2
2025-11-01,31,94,2,0
2025-11-01,36,2,3,0
2025-11-01,54,39,3,0
2025-11-01,6,8,0,1
2025-11-01,90,3,0,2
2025-11-02,21,4,3,1
2025-11-02,43,91,3,1
2025-11-03,56,11,1,1
2025-11-08,11,54,2,0
2025-11-08,21,90,3,2
2025-11-08,56,3,2,2
2025-11-08,6,1,2,2
2025-11-08,8,39,3,0
2025-11-09,17,2,3,1
2025-11-09,31,36,0,0
2025-11-09,43,14,3,0
2025-11-09,7,91,4,0
2025-11-09,94,4,3,1
2025-11-22,14,17,0,3
2025-11-22,36,94,2,1
2025-11-22,39,31,0,2
2025-11-22,4,43,2,1
2025-11-22,54,56,1,0
2025-11-22,90,8,0,2
2025-11-22,91,21,2,2
2025-11-23,2,7,1,2
2025-11-23,3,6,4,1
2025-11-24,1,11,0,1
2025-11-29,11,4,1,4
2025-11-29,43,2,3,2
2025-11-29,56,91,3,2
2025-11-29,6,54,1,2
2025-11-29,94,90,3,1
2025-11-30,17,36,0,2
2025-11-30,21,14,0,2
2025-11-30,31,1,1,2
2025-11-30,7,39,1,0
2025-11-30,8,3,1,1
2025-12-02,4,6,2,2
2025-12-02,54,43,4,5
2025-12-02,91,11,0,1
2025-12-03,14,56,1,1
2025-12-03,2,8,3,1
2025-12-03,3,94,2,0
2025-12-03,36,7,3,4
2025-12-03,39,17,0,1
2025-12-03,90,31,0,1
2025-12-04,1,21,1,1
2025-12-06,11,17,3,0
2025-12-06,2,14,3,3
2025-12-06,4,90,2,1
2025-12-06,43,56,3,0
2025-12-06,6,94,2,0
2025-12-06,7,3,2,1
2025-12-06,91,8,0,0
2025-12-07,36,21,1,1
2025-12-07,54,31,1,2
2025-12-08,39,1,1,4
2025-12-13,14,36,2,0
2025-12-13,3,39,2,1
2025-12-13,8,11,2,0
2025-12-13,90,54,2,3
2025-12-14,17,6,3,0
2025-12-14,21,7,2,3
2025-12-14,31,43,0,3
2025-12-14,56,4,1,0
2025-12-14,94,2,1,1
2025-12-15,1,91,4,4
2025-12-20,11,3,0,1
2025-12-20,2,31,4,1
2025-12-20,36,56,0,0
2025-12-20,39,94,0,2
2025-12-20,4,8,2,2
2025-12-20,43,21,3,0
2025-12-20,6,14,1,2
2025-12-20,91,90,1,1
2025-12-21,7,1,2,1
2025-12-22,54,17,1,0
2025-12-26,1,4,1,0
2025-12-27,14,39,2,1
2025-12-27,17,43,1,2
2025-12-27,21,54,0,1
2025-12-27,3,36,2,1
2025-12-27,8,7,1,2
2025-12-27,90,11,0,0
2025-12-27,94,91,4,1
2025-12-28,31,6,0,1
2025-12-28,56,2,1,1
2025-12-30,1,39,1,1
2025-12-30,17,11,0,2
2025-12-30,21,36,2,2
2025-12-30,3,7,4,1
2025-12-30,8,91,2,2
2025-12-30,90,4,1,3
2026-01-01,14,2,0,0
2026-01-01,31,54,1,1
2026-01-01,56,43,0,0
2026-01-01,94,6,0,0
2026-01-03,36,90,2,0
2026-01-03,39,21,3,0
2026-01-03,7,17,3,1
2026-01-03,91,3,2,3
2026-01-04,11,94,2,4
2026-01-04,2,1,1,1
2026-01-04,4,31,2,0
2026-01-04,43,8,1,1
2026-01-04,54,14,2,2
2026-01-04,6,56,1,1
2026-01-06,21,17,1,2
2026-01-07,11,39,1,1
2026-01-07,31,7,0,0
2026-01-07,4,2,4,3
2026-01-07,43,36,1,1
2026-01-07,54,8,2,1
2026-01-07,90,1,2,2
2026-01-07,91,6,3,2
2026-01-07,94,56,3,0
2026-01-08,3,14,0,0
2026-01-17,1,43,2,0
2026-01-17,14,90,1,1
2026-01-17,17,3,0,0
2026-01-17,2,54,1,0
2026-01-17,56,31,2,1
2026-01-17,6,21,1,2
2026-01-17,8,94,2,0
2026-01-18,39,4,0,0
2026-01-18,7,11,0,1
2026-01-19,36,91,1,1
2026-01-24,21,56,3,1
2026-01-24,43,39,2,0
2026-01-24,54,36,2,1
2026-01-24,90,6,2,2
2026-01-24,91,14,3,2
2026-01-25,3,1,2,3
2026-01-25,31,8,1,3
2026-01-25,4,7,0,2
2026-01-25,94,17,0,2
2026-01-26,11,2,1,1
2026-01-31,14,4,4,1
2026-01-31,2,3,0,4
2026-01-31,36,11,1,1
2026-01-31,39,91,0,2
2026-01-31,8,21,3,2
2026-02-01,1,54,3,2
2026-02-01,17,31,1,1
2026-02-01,6,43,2,2
2026-02-01,7,94,0,1
2026-02-02,56,90,3,0
2026-02-06,2,17,3,1
2026-02-07,1,6,2,0
2026-02-07,3,56,3,0
2026-02-07,39,8,1,3
2026-02-07,4,94,2,3
2026-02-07,54,11,1,2
2026-02-07,90,21,0,2
2026-02-07,91,7,1,1
2026-02-08,14,43,1,2
2026-02-08,36,31,0,1
2026-02-10,11,91,1,2
2026-02-10,21,1,1,1
2026-02-10,6,4,1,2
2026-02-10,8,2,2,2
2026-02-11,17,39,0,0
2026-02-11,31,90,2,3
2026-02-11,43,54,3,0
2026-02-11,56,14,0,1
2026-02-11,7,36,1,0
2026-02-12,94,3,1,1
2026-02-18,39,3,2,2
2026-02-21,21,91,0,0
2026-02-21,43,4,2,1
2026-02-21,7,2,1,1
2026-02-21,8,90,1,1
2026-02-21,94,36,0,2
2026-02-22,17,14,0,1
2026-02-22,31,39,1,0
2026-02-22,56,54,1,3
2026-02-22,6,3,1,4
2026-02-23,11,1,0,1
2026-02-27,39,7,2,0
2026-02-28,14,21,5,2
2026-02-28,2,43,0,1
2026-02-28,4,11,2,3
2026-02-28,90,94,3,4
2026-02-28,91,56,1,1
2026-03-01,1,31,2,1
2026-03-01,3,8,2,1
2026-03-01,36,17,2,1
2026-03-01,54,6,2,1
2026-03-03,11,90,2,0
2026-03-03,2,56,0,1
2026-03-03,39,14,2,1
2026-03-03,91,94,0,0
2026-03-04,36,3,0,1
2026-03-04,4,1,2,1
2026-03-04,43,17,2,2
2026-03-04,54,21,0,1
2026-03-04,7,8,1,4
2026-03-05,6,31,1,3
2026-03-14,21,43,1,1
2026-03-14,3,11,2,0
2026-03-14,56,36,0,1
2026-03-14,8,4,0,1
2026-03-14,90,91,0,0
2026-03-15,1,7,3,1
2026-03-15,14,6,1,1
2026-03-15,17,54,0,0
2026-03-15,31,2,0,0
2026-03-16,94,39,2,2
2026-03-20,91,1,2,2
2026-03-21,11,8,3,0
2026-03-21,2,94,0,0
2026-03-21,36,14,2,1
2026-03-21,54,90,3,1
2026-03-22,4,56,1,2
2026-03-22,6,17,0,3
2026-03-22,7,21,2,0
2026-04-10,21,39,4,0
2026-04-11,14,54,2,0
2026-04-11,3,91,1,2
2026-04-11,90,36,0,2
2026-04-11,94,11,2,2
2026-04-12,17,7,1,1
2026-04-12,31,4,2,1
2026-04-12,56,6,1,0
2026-04-12,8,43,0,3
2026-04-13,1,2,1,2
2026-04-18,2,39,3,0
2026-04-18,4,91,1,2
2026-04-18,6,36,2,2
2026-04-18,8,1,0,1
2026-04-18,94,54,0,0
2026-04-19,11,14,1,2
2026-04-19,17,90,4,1
2026-04-19,43,3,2,1
2026-04-19,7,56,4,3
2026-04-20,31,21,0,0
2026-04-21,36,8,3,0
2026-04-22,90,43,0,1
2026-04-22,91,2,2,2
2026-04-24,56,17,0,5
2026-04-25,14,31,3,1
2026-04-25,21,11,2,1
2026-04-25,3,4,1,0
2026-04-25,39,6,0,1
2026-04-25,54,7,1,0
2026-04-27,1,94,2,1
2026-05-01,2,90,3,1
2026-05-02,3,54,3,0
2026-05-02,39,56,1,1
2026-05-02,4,36,3,1
2026-05-02,94,21,3,0
2026-05-03,1,14,3,2
2026-05-03,7,6,1,2
2026-05-03,91,31,3,0
2026-05-04,11,43,3,3
2026-05-04,8,17,1,3
2026-05-09,14,8,1,1
2026-05-09,36,39,3,0
2026-05-09,43,94,3,0
2026-05-09,54,91,0,1
2026-05-09,56,1,0,0
2026-05-10,17,4,1,1
2026-05-10,21,3,0,1
2026-05-10,31,11,2,2
2026-05-10,90,7,2,2
2026-05-11,6,2,1,1
2026-05-13,43,31,3,0
2026-05-15,7,14,4,2
2026-05-17,1,17,3,2
2026-05-17,11,56,1,3
2026-05-17,2,36,1,0
2026-05-17,39,54,1,1
2026-05-17,4,21,3,1
2026-05-17,94,31,2,2
2026-05-18,3,90,1,0
2026-05-19,8,6,2,1
2026-05-19,91,43,1,1
2026-05-24,14,94,1,1
2026-05-24,17,91,1,1
2026-05-24,21,2,3,0
2026-05-24,31,3,1,2
2026-05-24,36,1,0,3
2026-05-24,43,7,1,2
2026-05-24,54,4,2,0
2026-05-24,56,8,2,1
2026-05-24,6,11,1,0
2026-05-24,90,39,1,1
